<?xml version="1.0"?>
<faces-config version="2.2"
        xmlns="http://xmlns.jcp.org/xml/ns/javaee"
        xmlns:xsi="http://www.w3.org/2001/XMLSchema-instance"
        xsi:schemaLocation="http://xmlns.jcp.org/xml/ns/javaee http://xmlns.jcp.org/xml/ns/javaee/web-facesconfig_2_2.xsd">

    <flow-definition id="forgotPassword">

        <flow-return id="return">
            <from-outcome>forgotPassword-return</from-outcome>
        </flow-return>

        <inbound-parameter>
            <name>username</name>
            <value>#{flowScope.username}</value>
        </inbound-parameter>

    </flow-definition>

</faces-config>
