<?xml version="1.0" encoding="UTF-8"?>
<faces-config xmlns="http://java.sun.com/xml/ns/javaee" version="1.2"
        xmlns:xsi="http://www.w3.org/2001/XMLSchema-instance"
        xsi:schemaLocation="http://java.sun.com/xml/ns/javaee http://java.sun.com/xml/ns/javaee/web-facesconfig_1_2.xsd">

    <application>
        <locale-config>
            <default-locale>de</default-locale>
            <supported-locale>en</supported-locale>
        </locale-config>
        <message-bundle>at.irian.jsfatwork.messages</message-bundle>
        <resource-bundle>
            <base-name>at.irian.jsfatwork.messages</base-name>
            <var>msgs</var>
        </resource-bundle>
        <view-handler>com.sun.facelets.FaceletViewHandler</view-handler>
        <el-resolver>
            org.springframework.web.jsf.el.SpringBeanFacesELResolver
        </el-resolver>
    </application>

    <!-- PhaseListener -->
    <lifecycle>
        <phase-listener>
            at.irian.jsfatwork.gui.jsf.DebugPhaseListener
        </phase-listener>
        <phase-listener>
            at.irian.jsfatwork.gui.jsf.ParameterPhaseListener
        </phase-listener>
    </lifecycle>

    <converter>
        <converter-id>at.irian.List</converter-id>
        <converter-class>at.irian.jsfatwork.gui.jsf.ListConverter</converter-class>
    </converter>

    <converter>
        <converter-id>at.irian.ZipCode</converter-id>
        <converter-class>at.irian.jsfatwork.gui.jsf.ZipCodeConverter</converter-class>
    </converter>

    <validator>
        <validator-id>at.irian.Birthday</validator-id>
        <validator-class>at.irian.jsfatwork.gui.jsf.BirthdayValidator</validator-class>
    </validator>

    <validator>
        <validator-id>at.irian.Age</validator-id>
        <validator-class>at.irian.jsfatwork.gui.jsf.AgeValidator</validator-class>
    </validator>

    <navigation-rule>
        <navigation-case>
            <from-outcome>customer-list</from-outcome>
            <to-view-id>/customer-list.xhtml</to-view-id>
        </navigation-case>
    </navigation-rule>

    <navigation-rule>
        <navigation-case>
            <from-outcome>customer</from-outcome>
            <to-view-id>/customer.xhtml</to-view-id>
        </navigation-case>
    </navigation-rule>

    <navigation-rule>
        <navigation-case>
            <from-outcome>address</from-outcome>
            <to-view-id>/address.xhtml</to-view-id>
        </navigation-case>
    </navigation-rule>

    <navigation-rule>
        <navigation-case>
            <from-outcome>provider-list</from-outcome>
            <to-view-id>/provider-list.xhtml</to-view-id>
        </navigation-case>
    </navigation-rule>

    <navigation-rule>
        <navigation-case>
            <from-outcome>provider</from-outcome>
            <to-view-id>/provider.xhtml</to-view-id>
        </navigation-case>
    </navigation-rule>

</faces-config>
