<?xml version="1.0" encoding="UTF-8"?>

<!DOCTYPE log4j:configuration SYSTEM "log4j.dtd">

<log4j:configuration>

    <appender name="logfile" class="org.apache.log4j.FileAppender">
        <param name="File" value="/tmp/cms.log"/>
        <param name="Append" value="true"/>
        <param name="Encoding" value="UTF-8"/>
        <layout class="org.apache.log4j.PatternLayout">
            <param name="ConversionPattern"
                   value="%d{yyyy-MM-dd HH:mm:ss} %-5p - %c:%L - %m%n"/>
            <!--
              %d{...} date pattern
              %p      priority
              %m      log message
              %n      newline
              -5      fill with spaces (5)

              For more options see class org.apache.log4j.PatternLayout.
            -->
        </layout>
    </appender>

    <appender name="console" class="org.apache.log4j.ConsoleAppender">
        <layout class="org.apache.log4j.PatternLayout">
            <param name="ConversionPattern"
                   value="%d{yyyy-MM-dd HH:mm:ss} %15t %-5p - %c:%L - %m%n"/>
        </layout>
    </appender>

    <category name="at.irian.jsfatwork">
        <priority value="debug"/>
    </category>

    <category name="org.apache.myfaces.tobago">
        <priority value="info"/>
    </category>

    <category name="org.apache.myfaces.tobago.webapp.TobagoResponse">
        <priority value="debug"/>
    </category>

    <category name="org.apache">
        <priority value="info"/>
    </category>

    <category name="javax.faces">
        <priority value="info"/>
    </category>

    <category name="com.krelon.cms.template.VelocityLogAdapter">
        <priority value="error"/>
    </category>

    <root>
        <priority value="info"/>
        <appender-ref ref="logfile"/>
        <appender-ref ref="console"/>
    </root>

</log4j:configuration>
