<?xml version="1.0"?>
<faces-config xmlns="http://xmlns.jcp.org/xml/ns/javaee"
        xmlns:xsi="http://www.w3.org/2001/XMLSchema-instance"
        xsi:schemaLocation="http://xmlns.jcp.org/xml/ns/javaee
            http://xmlns.jcp.org/xml/ns/javaee/web-facesconfig_2_2.xsd"
        version="2.2">
    <flow-definition id="flow1">
        <start-node>start</start-node>
        <view id="start">
            <vdl-document>/flow1/flow1.xhtml</vdl-document>
        </view>
        <view id="final">
            <vdl-document>/flow1/page2.xhtml</vdl-document>
        </view>
        <flow-return id="return">
            <from-outcome>/index.xhtml</from-outcome>
        </flow-return>
        <initializer>#{flow1Bean.initializeFlow}</initializer>
        <finalizer>#{flow1Bean.finalizeFlow}</finalizer>
    </flow-definition>
</faces-config>
