<?xml version="1.0" encoding="UTF-8"?>
<beans xmlns="http://www.springframework.org/schema/beans"
       xmlns:xsi="http://www.w3.org/2001/XMLSchema-instance"
       xmlns:tx="http://www.springframework.org/schema/tx"
       xmlns:aop="http://www.springframework.org/schema/aop"
       xmlns:context="http://www.springframework.org/schema/context"
       xsi:schemaLocation="
            http://www.springframework.org/schema/beans
            http://www.springframework.org/schema/beans/spring-beans-3.0.xsd
            http://www.springframework.org/schema/tx
            http://www.springframework.org/schema/tx/spring-tx-3.0.xsd
            http://www.springframework.org/schema/aop
            http://www.springframework.org/schema/aop/spring-aop-3.0.xsd
            http://www.springframework.org/schema/context
            http://www.springframework.org/schema/context/spring-context-3.0.xsd">

    <!--
      Scan classpath for Spring components starting at base-package.
      Automatically inludes:
      - AutowiredAnnotationBeanPostProcessor
      - CommonAnnotationBeanPostProcessor
      -->
    <context:component-scan base-package="at.irian.jsfatwork">
        <context:include-filter type="regex" expression=".service|.dao"/>
    </context:component-scan>

    <!-- Enable processing of @PersistenceContext and @PersistenceUnit -->
    <context:annotation-config/>

    <!-- Enable transaction configuration with @Transactional -->
    <tx:annotation-driven transaction-manager="transactionManager"/>

    <!-- Configure a c3p0 pooled data source -->
    <bean id="dataSource" class="com.mchange.v2.c3p0.ComboPooledDataSource">
        <property name="user" value="sa"/>
        <property name="password" value=""/>
        <property name="driverClass" value="org.hsqldb.jdbcDriver"/>
        <property name="jdbcUrl" value="jdbc:hsqldb:mem:."/>
        <property name="initialPoolSize" value="1"/>
        <property name="minPoolSize" value="1"/>
        <property name="maxPoolSize" value="10"/>
    </bean>

    <!-- Configure the JPA entity manager factory with Hibernate -->
    <bean id="entityManagerFactory" class="org.springframework.orm.jpa.LocalContainerEntityManagerFactoryBean">
        <property name="dataSource" ref="dataSource"/>

        <property name="jpaVendorAdapter">
            <bean class="org.springframework.orm.jpa.vendor.HibernateJpaVendorAdapter">
                <property name="showSql" value="false"/>
                <property name="database" value="HSQL"/>
                <property name="generateDdl" value="true"/>
            </bean>
        </property>

        <property name="persistenceUnitName" value="mygourmet"/>
    </bean>

    <!-- Configure transaction manager for JPA -->
    <bean id="transactionManager" class="org.springframework.orm.jpa.JpaTransactionManager">
        <property name="entityManagerFactory" ref="entityManagerFactory"/>
    </bean>

</beans>