<?xml version="1.0" encoding="UTF-8"?>
<beans xmlns="http://www.springframework.org/schema/beans"
       xmlns:xsi="http://www.w3.org/2001/XMLSchema-instance"
       xmlns:context="http://www.springframework.org/schema/context"
       xsi:schemaLocation="
		http://www.springframework.org/schema/beans
		http://www.springframework.org/schema/beans/spring-beans-3.0.xsd
        http://www.springframework.org/schema/context
        http://www.springframework.org/schema/context/spring-context-3.0.xsd">

    <!--
      Scan classpath for Spring components starting at base-package.
      Automatically inludes:
      - AutowiredAnnotationBeanPostProcessor
      - CommonAnnotationBeanPostProcessor
      -->
    <context:component-scan base-package="at.irian.jsfatwork"/>

    <!-- Configure view scope -->
    <bean class="org.springframework.beans.factory.config.CustomScopeConfigurer">
        <property name="scopes">
            <map>
                <entry key="view">
                    <bean class="at.irian.jsfatwork.spring.ViewScope"/>
                </entry>
            </map>
        </property>
    </bean>

</beans>
