<?xml version="1.0"?>
<!DOCTYPE facelet-taglib PUBLIC
  "-//Sun Microsystems, Inc.//DTD Facelet Taglib 1.0//EN"
  "http://java.sun.com/dtd/facelet-taglib_1_0.dtd">

<facelet-taglib>

    <namespace>http://at.irian/mygourmet</namespace>

    <function>
        <function-name>getAge</function-name>
        <function-class>
            at.irian.jsfatwork.gui.util.MyGourmetUtil
        </function-class>
        <function-signature>
            int getAge(java.util.Date)
        </function-signature>
    </function>

    <tag>
        <tag-name>convertZipCode</tag-name>
        <converter>
            <converter-id>at.irian.ZipCode</converter-id>
        </converter>
    </tag>

    <tag>
        <tag-name>convertList</tag-name>
        <converter>
            <converter-id>at.irian.List</converter-id>
        </converter>
    </tag>

    <tag>
        <tag-name>validateAge</tag-name>
        <validator>
            <validator-id>at.irian.Age</validator-id>
        </validator>
    </tag>

    <tag>
        <tag-name>validateBirthday</tag-name>
        <validator>
            <validator-id>at.irian.Birthday</validator-id>
        </validator>
    </tag>

</facelet-taglib>
