<?xml version="1.0" encoding="UTF-8"?>
<!DOCTYPE tobago-config PUBLIC
        "-//The Apache Software Foundation//DTD Tobago Config 1.0//EN" "tobago-config_1_0.dtd">

<tobago-config>

    <theme-config>
        <default-theme>speyside</default-theme>
    </theme-config>

    <resource-dir>tobago-resources</resource-dir>

    <renderers>
        <renderer>
            <name>Column</name>
            <supported-markup>
                <markup>new</markup>
            </supported-markup>
        </renderer>
    </renderers>

</tobago-config>
