<?xml version="1.0"?>
<faces-config version="2.2"
        xmlns="http://xmlns.jcp.org/xml/ns/javaee"
        xmlns:xsi="http://www.w3.org/2001/XMLSchema-instance"
        xsi:schemaLocation="http://xmlns.jcp.org/xml/ns/javaee http://xmlns.jcp.org/xml/ns/javaee/web-facesconfig_2_2.xsd">

    <application>
        <system-event-listener>
            <system-event-listener-class>
                at.irian.jsfatwork.gui.jsf.ApplicationListener
            </system-event-listener-class>
            <!--suppress FacesModelInspection -->
            <system-event-class>
                javax.faces.event.PostConstructApplicationEvent
            </system-event-class>
        </system-event-listener>
        <system-event-listener>
            <system-event-listener-class>
                at.irian.jsfatwork.gui.jsf.ApplicationListener
            </system-event-listener-class>
            <!--suppress FacesModelInspection -->
            <system-event-class>
                javax.faces.event.PreDestroyApplicationEvent
            </system-event-class>
        </system-event-listener>
    </application>

    <!-- PhaseListener -->
    <lifecycle>
        <phase-listener>
            at.irian.jsfatwork.gui.jsf.DebugPhaseListener
        </phase-listener>
        <phase-listener>
            at.irian.jsfatwork.gui.jsf.ParameterPhaseListener
        </phase-listener>
    </lifecycle>

</faces-config>
